Instrument,Equation
Instrument1,0.6017870957168927
Instrument2,0.4394680982672843
